attr,number,pct,total_pop,pct_check
Black,177,79,225,78.6666666667
Hispanic,41,18,225,18.2222222222
White,6,3,225,2.66666666667
Other,1,0,225,0.444444444444
