attr,number,pct,total_pop,pct_check
Male,200,89,225,88.8888888889
Female,25,11,225,11.1111111111
